Step (x10),GausAug,FreqAug,Baseline
0,45.800000000000004,41.199999999999996,34.2
1,46.2,39.800000000000004,37.4
2,44.6,48.6,48.6
3,53.400000000000006,37.0,52.400000000000006
4,56.39999999999999,41.4,52.0
5,56.00000000000001,47.4,46.6
6,56.39999999999999,46.2,52.6
7,55.2,52.6,53.0
8,55.400000000000006,43.2,53.2
9,40.2,52.2,53.6
